,,1.0,,2.0,,3.0,4.0,,5.0,,6.0,,7.0,,8.0,,9.0,,10.0,,11.0,,12.0,,13.0,,14.0,,15.0,,16.0,,17.0,,18.0,,19.0,,20.0,,21.0,,22.0,,23.0,,24.0,,25.0,,26.0,,27.0,,28.0,,29.0,,30.0,,31.0,,32.0,,33.0,34.0,,35.0,,36.0,,37.0,,38.0,,39.0,,40.0,,41.0,,42.0,,43.0,,44.0,,45.0,,46.0,,47.0,,48.0,,49.0,,50.0,,51.0,,52.0,,53.0,,54.0,,55.0,,56.0,,57.0,,58.0,,59.0,,60.0,,61.0,,62.0,,63.0,,64.0,,65.0,,66.0,,67.0,,68.0,,69.0,,70.0,,71.0,,72.0,,73.0,,74.0,,75.0,,76.0,,77.0,,78.0,,79.0,,80.0,,81.0,,82.0,,83.0,,84.0,,85.0,,86.0,,87.0,,88.0,,89.0,,90.0,,91.0,,92.0,,93.0,,94.0,,95.0,,96.0,,97.0,,98.0,,99.0,,100.0,,101.0,,102.0,,103.0,,104.0,,105.0,,106.0,,107.0,,108.0,,109.0,,110.0,,111.0,,112.0,,113.0,,114.0,,115.0,,116.0,,117.0,,118.0,,119.0,,120.0,,121.0,,122.0,,123.0,,124.0,,125.0,,126.0,,127.0,,128.0,,129.0,,130.0,,131.0,,132.0,,133.0,,134.0,135.0,,136.0,,137.0,,138.0,,139.0,,140.0,,141.0,,142.0,,143.0,,144.0,,145.0,,146.0,,147.0,,148.0,,149.0,,150.0,,151.0,,152.0,,153.0,,154.0,,155.0,,156.0,,157.0,,158.0,,159.0,,160.0,,161.0,,162.0,,163.0,,164.0,,165.0,,166.0,,167.0,,168.0,,169.0,,170.0,,171.0,,172.0,,173.0,,174.0,,175.0,,176.0,,177.0,,178.0,,179.0,,180.0,,181.0,,182.0,183.0,,184.0,,185.0,,186.0,,187.0,,188.0,,189.0,,190.0,,191.0,,192.0,,193.0,,194.0,,195.0,,196.0,,197.0,,198.0,,199.0,,200.0,,201.0,
Meaning 1,(English),I,,thou,,we,this,,that,,who,,what,,not,,all,,many,,one,,two,,big,,long,,small,,woman,,man,,person,,fish,,bird,,dog,,louse,,tree,,seed,,leaf,,root,,bark,,skin,,meat,,blood,,bone,,grease(fat),,egg,horn,,tail,,feather,,hair,,head,,ear,,eye,,nose,,mouth,,tooth,,tongue,,claw,,foot,,knee,,hand,,belly,,neck,,breast,,heart,,liver,,to drink,,to eat,,to eat,,to bite,,to see,,to hear,,to know,,to sleep,,to die,,to kill,,to swim,,to fly,,to walk,,to come,,to lie,,to sit,,to stand,,to give,,to say,,sun,,moon,,star,,water,,to rain,,stone,,sand,,earth,,cloud,,smoke,,fire,,ashes,,to burn,,path,,mountain,,red,,green,,yellow,,white,,black,,night,,hot,,cold,,full,,new,,good,,round,,dry,,name,,ye,,he,,they,,how,,when,,where,,here,,there,,other,,three,,four,,five,,few,,sky,,day,,fog,,wind,,flow,,sea,,lake,,river,,wet,,wash,,snake,,worm,,back,,leg,,arm,,wing,,lip,,fur,,navel,,guts,saliva,,milk,,fruit,,flower,,grass,,with,,in,,at,,if,,mother,,father,,husband,,wife,,salt,,ice,,snow,,freeze,,child,,dark,,cut,,wide,,narrow,,far,,near,,thick,,thin,,short,,heavy,,dull,,sharp,,dirty,,bad,,rotten,,smooth,,straight,,good,,left,,right,,old,,to rub,,to pull,,to push,,to throw,,to hit,,to split,,to pierce (to stab),,to dig,,to tie,to sew,,to fall,,to swell,,to think,,to sing,,to smell,,to vomit,,to suck,,to blow,,to fear,,to squeeze,,to hold,,below,,above,,ripe,,dust,,to live,,rope,,year,
Meaning 2,(Tokyo dialect),ワタシ,,アナタ,,ワタシタチ,コレ,,アレ,,ダレ,,ナニ,,ナイ,,ミンナ,,タクサン,,ヒトツ,,フタツ,,オーキイ,,ナガイ,,チッチャイ,,オンナ,,オトコ,,ヒト,,サカナ,,トリ,,イヌ,,シラミ,,キ,,タネ,,ハッパ,,ネッコ,,カワ,,カワ,,ニク,,チ,,ホネ,,アブラ,,タマゴ,ツノ,,シッポ,,ハネ,,ケ,,アタマ,,ミミ,,メ,,ハナ,,クチ,,ハ,,シタ,,ツメ,,アシ,,ヒザ,,テ,,オナカ,,クビ,,ムネ,,シンゾー,,キモ,,ノム,,タベル,,タベル,,カミツク,,ミル,,キク,,シッテル,,ネムル,,シヌ,,コロス,,オヨグ,,トブ,,アルク,,クル,,ネテル,,スワッテル,,タッテル,,アゲル,,ユウ,,オヒサマ,,ツキ,,ホシ,,ミズ,,アメガフル,,イシ,,スナ,,ツチ,,クモ,,ケムリ,,ヒ,,ハイ,,モエル,,ミチ,,ヤマ,,アカイ,,アオイ,,キイロイ,,シロイ,,クロイ,,ヨル,,アツイ,,サムイ,,イッパイ,,アタラシイ,,イイ,,マルイ,,カワイタ,,オマエ,,アナタタチ,,アノヒト,,アノヒトタチ,,ドー,,イツ,,ドコニ,,ココニ,,アソコ,,ホカノ,,ミッツ,,ヨッツ,,イツツ,,スコシ,,ソラ,,ヒルマ,,キリ,,カゼ,,ナガレル,,ウミ,,ミズウミ,,カワ,,ヌレタ,,アラウ,,ヘビ,,ムシ,,セナカ,,アシ,,ウデ,,ハネ,,クチビル,,ケガワ,,オヘソ,,ハラワタ,ツバ,,オッパイ,,ミ,,ハナ,,クサ,,ト,,ニ,,デ,,モシ；タラ,,オカーサン,,オトーサン,,シュジン,,カナイ,,シオ,,コーリ,,ユキ,,コール,,コドモ,,クライ,,キル,,ヒロイ,,セマイ,,トーイ,,チカイ,,アツイ,,ウスイ,,ミジカイ,,オモイ,,キレナイ,,キレル,,キタナイ,,ワルイ,,クサッタ,,スベッコイ,,マッスグナ,,イイ,,ヒダリ,,ミギ,,フルイ,,コスル,,ヒッパル,,オス,,ナゲル,,ナグル,,サケル,,ツキサス,,ホル,,ムスブ,ヌウ,,オッコチル,,フクレル,,カンガエル,,ウタウ,,カグ,,ハク,,スウ,,フク,,コワガル,,シメツケル,,モツ,,シタエ,,ウエエ,,ジュクシタ,,ホコリ,,イキテル,,ツナ,,トシ,
八雲,Yakumo,ku'ani,1.0,'e'ani,1.0,ku'ani 'utár;ci'okáy('utár)[excl.];'a'okáy('utár)[incl.],tánpe;ta'ánpe,1.0,to'anpe,1.0,nén,1.0,nép,1.0,somoné,1.0,'opitta;'epitta,1.0,porónno,1.0,sinép,1.0,túp,1.0,poró,1.0,tánne,1.0,pón,1.0,menokó;mátnekur,1&2,'ókkayo,1.0,'áynu,1.0,ci'ép,1.0,cikáp;ciri,1&2,setá,1.0,'úrki,1.0,ní;cikuní,1.0,pí,1.0,hám,1.0,sínrit,1.0,níkap,1.0,káp,1.0,kám,1.0,kém,1.0,poné,1.0,kírpu,1.0,nók,kiráw,1.0,sár,1.0,ráp,1.0,numá,1.0,sapá,1.0,kisár,1.0,sík,1.0,'etú,1.0,par,1.0,mimák,1.0,parúnpe,1.0,'ám,1.0,'uré,1.0,kókkasapa,1.0,paraték,1.0,hón,1.0,rekút,1.0,pénram,1.0,sánpe,1.0,kúnne rá,1.0,kú,1.0,'ipé(自),1.0,'é(他),1.0,kupá,1.0,nukár,1.0,nú,1.0,'eramán,1.0,mokór,1.0,ray,1.0,ráyke,1.0,má,1.0,hopuní,1.0,'ápkas,1.0,'ek,1.0,hótke,1.0,'á,1.0,'ás,1.0,koré,1.0,yé,1.0,(tókap-)cup,1.0,(kúnne)cup,1.0,nocíw,1.0,wákka,1.0,weni 'ás,1.0,sumá,1.0,'otá,1.0,tóytoy,1.0,nískur;kúr,1.0,sipuyá,1.0,'apé,1.0,'úyna,1.0,'uhúy,1.0,rú,1.0,nupurí,1.0,húre,1.0,síwnin,1.0,síwnin,1.0,retár,1.0,kúnne,1.0,kúnne,1.0,sírsesek,1.0,mé'an,1.0,síkno,1.0,'asír,1.0,pírka,1.0,sikarí,1.0,sít,1.0,ré,1.0,'eciókay('utár),1.0,to'ánkur,1.0,to'ánkur 'utár,1.0,nékona,1.0,hénpara,1.0,néyta,1.0,téta,1.0,to'ánta,1.0,'oyá,1.0,rép,1.0,'ínep,1.0,'asíknep,1.0,pónno,1.0,nís;nískotor,1.0,tókap,1.0,'úrar,1.0,réra,1.0,mom,1.0,'atúy,1.0,tó,1.0,pét,1.0,téyne,1.0,hurayé,1.0,tókkoniw,1.0,kikír,1.0,setúr,1.0,cikir;kemá,1&2,tápsut,1.0,(cikáp)rap,1.0,páksar,1.0,rús,1.0,hánku,1.0,tuyóromap;túy,nón,1.0,tópe,1.0,níyepuy,1.0,nónno,1.0,mun,1.0,turá,1.0,('ot)ta,1.0,('ot)ta,1.0,nisap/ko,1.0,hápo,1.0,'acapó,1.0,hokú,1.0,mát,1.0,síppo,1.0,kónru,1.0,'upas,1.0,rupús,1.0,hekáci,1.0,sírkunne,1.0,tuyé,1.0,sép,1.0,hútne,1.0,túyma,1.0,hánke,1.0,'irónne,1.0,kapár,1.0,tákne,1.0,páse,1.0,'enukár,1.0,'e'én,1.0,'icákkere,1.0,wen,1.0,munín,1.0,rárak,1.0,'íkne;'o'upéka,1&2,pírka,1.0,hárki,1.0,símon,1.0,húsko,1.0,sirusíru,1.0,'etayé,1.0,'oputúye,1.0,'eyápkir,1.0,kík;kíkkik,1.0,yáske,1.0,'ótke,1.0,'o'uri,1.0,siná,ninú,1.0,hácir,1.0,sekúkke;tókse,1&2,yáykosiramsuye,1.0,sinótcaki,1.0,húra nú,1.0,'atú,1.0,ní;númnum,1&2,réra 'ás,1.0,sitomá,1.0,núnpa,1.0,'aní,1.0,herás,1.0,herekás,1.0,ci,1.0,maná,1.0,tusá,1.0,tús,1.0,pá,1.0
長万部,Oshamambe,ku'ani,1.0,'e'ani,1.0,ku'ani 'utár,ta'ánpe,1.0,to'ónpe,1.0,nén,1.0,nép,1.0,'oyapéhe,#,'epitta,1.0,poro'ónno,1.0,sinép,1.0,túp,1.0,poró,1.0,tánne,1.0,pón,1.0,menokó,1.0,'ókkayo,1.0,'áynu,1.0,ci'ép,1.0,cikáp,1.0,setá,1.0,'úrki,1.0,cikuní,1.0,pí,1.0,hám,1.0,sínrit,1.0,cikuníkap,1.0,káp,1.0,kám,1.0,kém,1.0,poné,1.0,kírpu,1.0,cikapnók,kiráw,1.0,sár,1.0,cikapráp,1.0,kíski,1.0,sapá,1.0,kisár,1.0,sík,1.0,'etú,1.0,par,1.0,nimák,1.0,párunpe,1.0,'ám,1.0,cikír,2.0,kókkasapa,1.0,ték,1.0,hón,1.0,rekút,1.0,pénram,1.0,sánpe,1.0,kúnne húype,2.0,kú,1.0,#,1.0,'é(他),1.0,kupá,1.0,nukár,1.0,nú,1.0,'eramán,1.0,mokór,1.0,ray,1.0,ráyke,1.0,má,1.0,hopuní,1.0,'ápkas,1.0,'ek,1.0,siturí,2.0,'á,1.0,'ás,1.0,koré,1.0,yé,1.0,(tókap-)cup,1.0,cúp,1.0,nocíw,1.0,wákka,1.0,weni 'ás,1.0,sumá,1.0,'otá,1.0,tóytoy,1.0,kúr,1.0,sipuyá,1.0,'apé,1.0,'úyna,1.0,'uhúy,1.0,rú,1.0,nupurí,1.0,húre,1.0,síwnin,1.0,#,#,retár,1.0,kúnne,1.0,kúnne,1.0,sések,1.0,mé'an,1.0,síkno,1.0,'asír,1.0,pírka,1.0,sikarí,1.0,sít,1.0,ré,1.0,'e'ani 'utár,2.0,to'ónkur,1.0,to'ónkur 'utár,1.0,nékona,1.0,hénpara,1.0,néyta,1.0,téta,1.0,to'ónta,1.0,'oyá,1.0,rép,1.0,'ínep,1.0,'asíknep,1.0,pónno,1.0,nískotor,1.0,tókap,1.0,'úrar,1.0,réra,1.0,mom,1.0,'atúy,1.0,tó,1.0,pét,1.0,téyne,1.0,hurayé,1.0,tókkoni,1.0,kikír,1.0,setúr,1.0,cikír,1.0,tápsut,1.0,ráp,1.0,páksar,1.0,rús,1.0,hánku,1.0,túy,nón,1.0,tópe,1.0,níka'op,2.0,nónno,1.0,mun,1.0,turá,1.0,('ot)ta,1.0,('ot)ta,1.0,/ko,1.0,hápo,1.0,'acapó,1.0,hokú,1.0,mát,1.0,síppo,1.0,kónru,1.0,'upas,1.0,rupús,1.0,hekáttar,1.0,sírkunne,1.0,tuyé,1.0,sép,1.0,hútne,1.0,túyma,1.0,'ehánke,1.0,'irónne,1.0,kapár,1.0,tákne,1.0,páse,1.0,'enukár,1.0,'e'én,1.0,'icákkere,1.0,wen,1.0,munín,1.0,rárak,1.0,'o'upéka,2.0,pírka,1.0,hárki,1.0,símon,1.0,húsko,1.0,sirusíru,1.0,'etayé,1.0,'oputúye,1.0,'eyápkir,1.0,kík,1.0,yáske,1.0,'ótke,1.0,'o'uri,1.0,'ukohópitte,nínninu,1.0,hácir,1.0,#,#,yáykosiramsuye,1.0,sinótcaki,1.0,húra nú,1.0,'atú,1.0,sikoní;ní,2.0,réra 'ás,1.0,sitomá,1.0,núnpa,1.0,'aní,1.0,herás,1.0,herekás,1.0,ci,1.0,maná,1.0,tusá,1.0,tús,1.0,pá,1.0
幌別,Horobetsu,káni,1.0,'e'áni,1.0,ci'ókay 'utár[excl.];'a'ókay[incl.],tánpe,1.0,to'ánpe,1.0,nép;ne'én,1.0,nép;hemánta,1&2,somóne,1.0,'opitta,1.0,porónno,1.0,sinép,1.0,túp,1.0,poró,1.0,tánne,1.0,pón,1.0,menokó;mát,1&2,'ókkayo,1.0,'áynu,1.0,cép;ci'ép,1.0,cikáp,1.0,setá,1.0,'úrki,1.0,cikúni;ní,1.0,pí,1.0,hám,1.0,sínrit,1.0,cikúnikap;níkap,1.0,káp,1.0,kám,1.0,kém,1.0,poné,1.0,kírpu,1.0,nók,kiráw,1.0,sár,1.0,cikáprap;ráp,1.0,numá,1.0,sapá,1.0,kisár,1.0,sík,1.0,'etú,1.0,par,1.0,nimák,1.0,parúnpe,1.0,'ám,1.0,cikír,2.0,kókkasapa,1.0,ték,1.0,hón,1.0,rekút,1.0,pénram,1.0,sánpe,1.0,kinóp,3.0,kú,1.0,'ipé(自),1.0,'é(他),1.0,kupápa,1.0,nukár,1.0,nú,1.0,'eráman,1.0,mokór,1.0,ray,1.0,ráyke,1.0,má,1.0,hopúni,1.0,'ápkas,1.0,'ek,1.0,hótke,1.0,'á,1.0,'ás,1.0,koré,1.0,yé,1.0,(tókap-)cup,1.0,(kúnne-)cup,1.0,nocíw,1.0,wákka,1.0,'ápto 'as,2.0,sumá,1.0,'otá,1.0,tóytoy,1.0,nískur,1.0,supúya,1.0,'apé,1.0,'úyna,1.0,'uhúy,1.0,rú,1.0,nupúri,1.0,húre,1.0,síwnin,1.0,sikérpepus,2.0,retár,1.0,kúnne,1.0,kúnne,1.0,sírsesek,1.0,mé'an,1.0,síkno,1.0,'asír,1.0,pírka,1.0,sikánnatki,1.0,sít,1.0,ré,1.0,'eci'okáy('utár),1.0,to'ánkur,1.0,to'ónkur 'utár;to'ánkur 'utár,1.0,nékona,1.0,hénpara,1.0,ne'ita,1.0,téta,1.0,to'ónta;to'ánta,1.0,mósma;'oyá,1&2,rép,1.0,'ínep,1.0,'asíknep;'áskinep,1.0,pónno,1.0,nís;nískotor,1.0,tókap,1.0,'úrar,1.0,réra,1.0,mom,1.0,'atúy,1.0,tó,1.0,pét,1.0,téyne,1.0,huráye,1.0,kinásutunkur,2.0,kikír,1.0,setúr,1.0,cikír;kemá,1&2,ték,2.0,tékkup,2.0,pápus,2.0,rús,1.0,hánku,1.0,túy;'óske'op,nón,1.0,tópe,1.0,níka'op;'epúyke,1&2,nónno,1.0,mun,1.0,turá,1.0,('ot)ta,1.0,('ot)ta,1.0,'iká/ko;yakun,1&2,hápo,1.0,míci,2.0,hokú,1.0,mát,1.0,síppo,1.0,kónru,1.0,'upas,1.0,rupús,1.0,hekáttar,1.0,sírkunne,1.0,tuyé,1.0,sép,1.0,hútne,1.0,túyma,1.0,hánke,1.0,'irónne,1.0,kapár,1.0,tákne,1.0,páse,1.0,'enúkar,1.0,'e'én,1.0,'icákkere,1.0,wen,1.0,munín,1.0,rárak,1.0,'o'úpeka,2.0,pírka,1.0,hárki,1.0,símon,1.0,húsko,1.0,sirúsiru;sirú,1.0,'etáye,1.0,'opútuye,1.0,'eyápkir,1.0,kíkkik,1.0,yáske,1.0,'ótke;cíw,1&2,'ohóri;'o'úri,1.0,siná;'e'úkopite,nínninu;'ukáwkaw,1&2,hácir,1.0,sekúkke,1.0,yáykosiramse,1.0,sinótcaki,1.0,húrarakkar;nú,3.0,'atú,1.0,ní;núnnun,1&2,réra 'ás,1.0,sitóma,1.0,núnpa,1.0,'aní,1.0,herási,1.0,heríkasi,1.0,ci,1.0,maná;sírma,1&2,síknu,2.0,tús,1.0,pá,1.0
平取,Hiratori,káni,1.0,'e'áni,1.0,cóka('utar)[excl.];'a'oká('utar)[incl.],tapánpe;tánpe,1.0,to'ánpe,1.0,húnna,2.0,hemánta,2.0,somóne,1.0,'opitta,1.0,porónno,1.0,sinép,1.0,túp,1.0,poró,1.0,tánne,1.0,pón,1.0,menokó,1.0,'ókkayo,1.0,'áynu,1.0,cép,1.0,cikáp,1.0,setá,1.0,'úrki,1.0,cikúni;ní,1.0,pí,1.0,hám,1.0,sínrit,1.0,níkap;níyarkap,1.0,káp,1.0,kám,1.0,kém,1.0,poné,1.0,kírpu,1.0,cikápnok;nók,kiráw,1.0,sár,1.0,ráp,1.0,numá,1.0,sapá,1.0,kisár,1.0,sík,1.0,'etú,1.0,par,1.0,nimák,1.0,parúnpe,1.0,'ám,1.0,pará'ure;'uré,1.0,kókkasapa,1.0,parátek,1.0,hón,1.0,rekút,1.0,pénram,1.0,sánpe,1.0,húype,2.0,kú,1.0,'ipé(自),1.0,'é(他),1.0,kupápa,1.0,nukár,1.0,nú,1.0,'erámu'an;'eráman,1.0,mokór,1.0,ray,1.0,ráyke,1.0,má,1.0,hopúni,1.0,'ápkas,1.0,'ek,1.0,hótke,1.0,'á,1.0,'ás,1.0,koré,1.0,yé,1.0,(tókap-)cup,1.0,(kúnne-)cup,1.0,nocíw,1.0,wákka,1.0,'ápto 'as,2.0,sumá,1.0,'otá,1.0,tóytoy,1.0,nískur,1.0,supúya,1.0,'apé,1.0,'úna,1.0,'uhúy,1.0,rú,1.0,nupúri,1.0,húre,1.0,síwnin,1.0,síwnin;húre,1&3,retár,1.0,kúnne,1.0,kúnne,1.0,sírsesek,1.0,mé'an,1.0,síkno,1.0,'asír,1.0,pírka,1.0,sikánnatki,1.0,sít,1.0,ré,1.0,'eci'oká,1.0,to'ánkur,1.0,to'oká 'utár,1.0,mák,2.0,hénpara,1.0,hunákta,2.0,téta,1.0,to'ónta;to'ánta,1.0,mósma;'oyá,1&2,rép,1.0,'ínep,1.0,'asíknep,1.0,pónno,1.0,nísor;nískotor,1.0,tókap,1.0,'úrar,1.0,réra,1.0,mom,1.0,'atúy,1.0,tó,1.0,pét,1.0,téyne,1.0,huráye,1.0,tókkoni;kinásut,1.0,kikír,1.0,setúr,1.0,kemá,2.0,ték,2.0,tékkup,2.0,pátoy,3.0,rús,1.0,hánku,1.0,óssike'op;kánkan,nón,1.0,tópe,1.0,níka'op;múnepuy,1&2,nónno,1.0,mun,1.0,turá,1.0,('ot)ta,1.0,('ot)ta,1.0,/yakun,2.0,hápo,1.0,míci;'iyápo,2&3,hokú,1.0,mát,1.0,síppo,1.0,kónru,1.0,'upas,1.0,rupús,1.0,hekáttar,1.0,sírkunne,1.0,tuyé,1.0,sép,1.0,hútne,1.0,túyma,1.0,hánke,1.0,'irónne,1.0,kapár,1.0,tákne,1.0,páse,1.0,'enúkar,1.0,'e'én,1.0,'icákkere,1.0,wen,1.0,munín,1.0,rárak,1.0,'ówpeka,2.0,pírka,1.0,hárki,1.0,símon,1.0,húsko,1.0,sírsiru,1.0,'etáye;'ehekem,1&2,'opútuye,1.0,'eyápkir,1.0,kíkkik;kík,1.0,yáske,1.0,'ótke;cíw,1&2,'o'úri,1.0,'e'uwópitte,'ukáwka,2.0,hácir,1.0,sipísese;sekúkke,3.0,yáykosiramsuye,1.0,sinótcaki,1.0,húrarapkar;húra nú,1&3,'atú,1.0,ní;núnnun,1&2,réra rúy,1.0,sitóma,1.0,núnpa,1.0,'aní,1.0,herási,1.0,heríkasi,1.0,ci,1.0,paná,1.0,síknu,2.0,tús,1.0,pá,1.0
貫気別,Nukkibetsu,Ku'áni,1.0,'e'áni,1.0,cóka,tapánpe,1.0,to'ánpe,1.0,húnna,2.0,hínta,2.0,somóne,1.0,'opitta,1.0,porónno,1.0,sinép,1.0,túp,1.0,poró,1.0,tánne,1.0,pón,1.0,menokó,1.0,'ókkayo,1.0,'áynu,1.0,cép,1.0,cikáp,1.0,setá,1.0,'úrki,1.0,cikúni,1.0,pí,1.0,hám,1.0,sínrit,1.0,#,#,káp,1.0,kám,1.0,kém,1.0,poné,1.0,kírpu,1.0,tamanko,kiráw,1.0,sár,1.0,cikáprap,1.0,kenúma,1.0,sapá,1.0,kisár,1.0,sík,1.0,'etú,1.0,par,1.0,mimák,1.0,parúnpe,1.0,'ám,1.0,'uré,1.0,kókkasapa,1.0,parátek,1.0,hón,1.0,rekút,1.0,pénram,1.0,sánpe,1.0,húype,2.0,kú,1.0,'ipé(自),1.0,'é(他),1.0,kupápa,1.0,nukár,1.0,nú,1.0,'erámu'an,1.0,mokór,1.0,ray,1.0,ráyke,1.0,má,1.0,hopúni,1.0,'ápkas,1.0,'ek,1.0,hótke,1.0,'á,1.0,'ás,1.0,koré,1.0,yé,1.0,(tókap-)cup,1.0,(kúnne-)cup,1.0,nocíw,1.0,wákka,1.0,'ápto 'as,2.0,sumá,1.0,piyóta,1.0,tóytoy,1.0,nískur,1.0,supúya,1.0,'apé,1.0,'úna,1.0,'uhúy,1.0,rú,1.0,nupúri,1.0,húre,1.0,#,#,#,#,retár,1.0,kúnne,1.0,kúnne,1.0,sírsesek,1.0,mé'an,1.0,sikteno,1.0,'asír,1.0,pírka,1.0,sikáriri,1.0,sít,1.0,ré,1.0,'e'áni 'utári,2.0,to'ánkur,1.0,to'oká 'áynu 'utári,1.0,mák,2.0,hénpara,1.0,hinákun,2.0,téta,1.0,to'ánta,1.0,mósma,2.0,rép,1.0,'ínep,1.0,'asíknep,1.0,pónno,1.0,nískotor,1.0,tókap,1.0,'úrar,1.0,réra,1.0,mom,1.0,'atúy,1.0,tó,1.0,pét,1.0,téyne,1.0,huráye,1.0,mún pokúnpe,3.0,kikír,1.0,setúr,1.0,kemá,2.0,ték,2.0,ráp,1.0,pátoy,3.0,rús,1.0,hánku,1.0,túy;kánkan,nón,1.0,tópe,1.0,níka'op,2.0,nónno,1.0,mun,1.0,turá,1.0,('ot)ta,1.0,('ot)ta,1.0,/yakun,2.0,hápo,1.0,míci,2.0,hokú,1.0,mát,1.0,síppo,1.0,kónru,1.0,'upas,1.0,rupús,1.0,hekáttar,1.0,sírkunne,1.0,tuyé,1.0,sép,1.0,hútne,1.0,túyma,1.0,hánke,1.0,'irónne,1.0,kapár,1.0,tákne,1.0,páse,1.0,'enúkar,1.0,'e'én,1.0,'icákkere,1.0,wen,1.0,munín,1.0,rárak,1.0,'o'ópeka,2.0,pírka,1.0,hárki,1.0,símon,1.0,húsko,1.0,sírsiru,1.0,'etáye,1.0,'opútuye,1.0,'osura,#,kík,1.0,yáske,1.0,'ótke,1.0,'o'úri,1.0,'e'úkote,'ukáwka,2.0,túrse,2.0,sipíse,3.0,yáykosiramsuye,1.0,sinótcaki,1.0,húra nú,1.0,'atú,1.0,ní,2.0,réra rúy,1.0,sitóma,1.0,yúppa;núnpa,2.0,kísma,1.0,herási,1.0,heríkasi,1.0,ci,1.0,paná,1.0,síknu,2.0,tús,1.0,pá,1.0
新冠,Niikappu,Ku'áni,1.0,'e'áni,1.0,ci'óka,tapánpe,1.0,to'ánpe,1.0,húnna,2.0,hemánta,2.0,somóne,1.0,'opitta,1.0,porónno,1.0,(*sinep),1.0,(*tup),1.0,poró,1.0,tánne,1.0,pón,1.0,menokó,1.0,'ókkayo,1.0,'áynu,1.0,cép,1.0,cikáp,1.0,setá,1.0,'úrki,1.0,cikúni,1.0,pí,1.0,hám,1.0,sínrit,1.0,cikúnikap,1.0,káp,1.0,kám,1.0,kém,1.0,poné,1.0,kírpu,1.0,tamaŋo,kiráw,1.0,sár,1.0,ráp,1.0,kenúma,1.0,sapá,1.0,kisár,1.0,sík,1.0,'etú,1.0,par,1.0,mimák,1.0,parúnpe,1.0,'ám,1.0,'uré,1.0,kókkasapa,1.0,parátek,1.0,hón,1.0,rekút,1.0,pénram,1.0,sánpe,1.0,húype,2.0,kú,1.0,'ipé(自),1.0,(*'é),1.0,kupápa,1.0,nukár,1.0,nú,1.0,'erámu'an,1.0,mokór,1.0,ray,1.0,ráyke,1.0,má,1.0,hopúni,1.0,'ápkas,1.0,'ek,1.0,sitúri,2.0,(móna)'á,1.0,'ás,1.0,koré,1.0,yé,1.0,(tókap-)cup,1.0,cúp,1.0,nocíw,1.0,wákka,1.0,'ápto 'as,2.0,sumá,1.0,'otá,1.0,tóytoy,1.0,nískur,1.0,supúya,1.0,'apé,1.0,'úna,1.0,'uhúy,1.0,rú,1.0,nupúri,1.0,húre,1.0,síwnin,1.0,síwnin,1.0,retár,1.0,kúnne,1.0,kúnne,1.0,sírsesek,1.0,mé'an,1.0,sík,1.0,'asír,1.0,pírka,1.0,sikárinpa,1.0,sít,1.0,ré,1.0,'eci'oká,1.0,to'ánkur,1.0,to'óka 'utár,1.0,mák,2.0,hénpara,1.0,hunákta,2.0,té'or,#,to'ánta,1.0,mósma,2.0,(*rep),1.0,(*'inep),1.0,(*'asiknep),1.0,pónno;po'ónno,1.0,nískotor,1.0,tókap,1.0,'úrar,1.0,réra,1.0,mom,1.0,'atúy,1.0,tó,1.0,pét,1.0,téyne,1.0,huráye,1.0,tánne 'okókko,4.0,kikír,1.0,setúr,1.0,cikír,1.0,ték,2.0,tékkup,2.0,pátoy,3.0,rús,1.0,hánku,1.0,tuyórop,nón,1.0,tópe,1.0,ní'epuy;níka'op,1.0,nónno,1.0,mun,1.0,turá,1.0,('ot)ta,1.0,('ot)ta,1.0,/yakun,2.0,hápo,1.0,míci,2.0,hokú,1.0,mát,1.0,síppo,1.0,kónru,1.0,'upas,1.0,rupús,1.0,hekáttar,1.0,sírkunne,1.0,tuyé,1.0,sép,1.0,hútne,1.0,túyma,1.0,hánke,1.0,'irónne,1.0,kapár,1.0,tákne,1.0,páse,1.0,'enúkar,1.0,'e'én,1.0,'icákkere,1.0,wen,1.0,munín,1.0,rárak,1.0,'ówpeka,2.0,pírka,1.0,hárki,1.0,símon,1.0,húsko,1.0,sírsiru,1.0,'etáye,1.0,'opútuye,1.0,'eyápkir,1.0,#,#,yáske,1.0,'ótke,1.0,'o'úri,1.0,'e'úkote,'ukáwka,2.0,túrse,2.0,sipísese,3.0,yáykosiramsuye,1.0,sinótcaki,1.0,húrarakkar,3.0,'atú,1.0,hópse kár,#,réra rúy,1.0,sitóma,1.0,núnpa,1.0,'aní,1.0,herási,1.0,heríkasi,1.0,ci,1.0,paná,1.0,síknu,2.0,tús,1.0,pá,1.0
様似,Samani,Ku'áni,1.0,'e'áni,1.0,ku'ani 'utar;ci'okay,ta'a,1.0,to'o,1.0,nen,1.0,nep,1.0,henne,2.0,'opitta,1.0,porónno,1.0,sinép,1.0,cup,1.0,poró,1.0,tánne,1.0,pón,1.0,menokó,1.0,'okkay,1.0,'áynu,1.0,cép,1.0,cikáp,1.0,sita,1.0,'úrki,1.0,ni,1.0,pí,1.0,hám,1.0,sínrit,1.0,kap,1.0,káp,1.0,kám,1.0,kém,1.0,poné,1.0,kirpo,1.0,tamanko,kiráw,1.0,'akkocike,2.0,ráp,1.0,numa,1.0,pake,1.0,kisár,1.0,sík,1.0,'ecu,1.0,car,1.0,'imak,1.0,parúnpe,1.0,'ám,1.0,cikir,2.0,kokkapake,1.0,tek,1.0,hón,1.0,rekút,1.0,pénram,1.0,sánpe,1.0,ra,1.0,kú,1.0,#,1.0,'é(他),1.0,kupápa,1.0,nukár,1.0,nú,1.0,'erámu'an,1.0,mokór,1.0,ray,1.0,ronno,2.0,má,1.0,payekay,2.0,'ápkas,1.0,'ek,1.0,sitúri,2.0,mona,1.0,'ás,1.0,koré,1.0,yé,1.0,peker cupkamuy,1.0,(kunne)cupkamuy,1.0,nocíw,1.0,wákka,1.0,ruyanpe 'as,3.0,sumá,1.0,hota,1.0,tóytoy,1.0,nis,2.0,supúya,1.0,'apé,1.0,'úna,1.0,'uhúy,1.0,rú,1.0,nupúri,1.0,húre,1.0,síwnin,1.0,síwnin,1.0,retár,1.0,kúnne,1.0,kúnne,1.0,sírsesek,1.0,mé'an,1.0,sík,1.0,'asír,1.0,pírka,1.0,#,#,sít,1.0,ré,1.0,'eci'okay,1.0,to'o'ankur,1.0,to'o'an 'utar,1.0,nekon,1.0,nenpara,2.0,neyta,1.0,ta'anta,2.0,to'ánta,1.0,'oya,1.0,rép,1.0,'ínep,1.0,'asik,1.0,po'onno,1.0,nískotor,1.0,to,1.0,'úrar,1.0,réra,1.0,mom,1.0,'acuy,1.0,tó,1.0,pét,1.0,téyne,1.0,huráye,1.0,tannekamuy,5.0,kikír,1.0,secur,1.0,cikír,1.0,ték,2.0,rap,1.0,capus,2.0,(*rus),1.0,hankapuy,1.0,cuy;kankan,(*non),1.0,tópe,1.0,ni'ipe;nika'op,3.0,nónno,1.0,mun,1.0,cura,1.0,('ot)ta,1.0,('ot)ta,1.0,/cik,3.0,hápo,1.0,'aca,1.0,hokú,1.0,mát,1.0,síppo,1.0,kónru,1.0,'upas,1.0,rupús,1.0,hekáttar,1.0,sírkunne,1.0,cuye,1.0,sép,1.0,hútne,1.0,cuyma,1.0,hánke,1.0,'irónne,1.0,kapár,1.0,tatne,1.0,páse,1.0,'enúkar,1.0,'e'én,1.0,'icákkere,1.0,wen,1.0,munín,1.0,rárak,1.0,'ówpeka,2.0,#,1.0,(*harki),1.0,símon,1.0,húsko,1.0,surisuri,1.0,'etáye,1.0,'opucuye,1.0,'eyápkir,1.0,kik,1.0,soske,2.0,'okke,1.0,'o'úri,1.0,sinasina,'ukáwka,2.0,hacir,1.0,pise,#,sanniyo,2.0,sinótcaki,1.0,hura nu,1.0,'akur,2.0,ni;nunnuɴ,1&2,rera 'as,1.0,sitóma,1.0,núnpa,1.0,'aní,1.0,herási;rata,1.0,heríkasi;ritta,1.0,ci,1.0,paná,1.0,síknu,2.0,cus,1.0,pá,1.0
帯広,Obihiro,Ku'áni,1.0,'e'áni,1.0,ci'útari;ci'ókay[excl.];'anutári[incl.],ta'ánpe,1.0,to'ónpe,1.0,nen,1.0,nep,1.0,somóne,1.0,'opitta,1.0,porónno,1.0,sinép,1.0,túp,1.0,poró,1.0,tánne,1.0,pón,1.0,menokó,1.0,'ókkay,1.0,'áynu,1.0,cép,1.0,cikáp,1.0,sitá,1.0,'úrki,1.0,ní,1.0,pí,1.0,hám,1.0,sínrit,1.0,níkap;káp,1.0,káp,1.0,kám,1.0,kém,1.0,poné,1.0,kírpo,1.0,cikápnok;nók,kiráw,1.0,sár,1.0,ráp,1.0,numá,1.0,paké,1.0,kisár,1.0,sík,1.0,'etú,1.0,car,1.0,'imák,1.0,parúnpe,1.0,'ám,1.0,paráwre,1.0,kókkapake,1.0,parátek,1.0,hón,1.0,'onánci,2.0,pénram,1.0,sánpe,1.0,ra,1.0,kú,1.0,'ipé(自),1.0,'é(他),1.0,kupápa,1.0,nukár,1.0,nú,1.0,'erámu'an,1.0,mokór,1.0,ray,1.0,rónno,2.0,má,1.0,'oyúpu,3.0,'ápkas,1.0,'ek,1.0,hókke,1.0,'á,1.0,'ás,1.0,koré,1.0,yé,1.0,cúp(-kamuy),1.0,(kúnne)cúp(-kamuy),1.0,nocíw,1.0,wákka,1.0,ruyánpe rúy,3.0,sumá,1.0,'otá,1.0,tóy,1.0,nís;'úrar,2&3,supúya,1.0,'apé,1.0,'úna,1.0,'uhúy,1.0,rú,1.0,nupúri,1.0,húre,1.0,síwnin,1.0,síwnin;húre,1&3,retár,1.0,kúnne,1.0,kúnne,1.0,sírsesek,1.0,mé'an,1.0,sikno,1.0,'asír,1.0,pírka,1.0,sikánnatki,1.0,sít,1.0,ré,1.0,'eci'utári;'eci'okáy,1.0,to'ónkur,1.0,to'óka(y) 'utár,1.0,nékon,1.0,nénpara,2.0,néyta,1.0,ta'ánta,2.0,ná to'ónta,1.0,'oya;mósma,1&2,rép,1.0,'ínep,1.0,'as(ik)nep,1.0,pónno,1.0,nískotor;nís'or;nís,1.0,sírpeker,2.0,'úrar,1.0,réra,1.0,mom,1.0,'atúy,1.0,tó,1.0,pét,1.0,téyne,1.0,'uráye,1.0,tánnekamuy,5.0,kikír,1.0,setúr,1.0,cikír,1.0,tápsut,1.0,tékkup,2.0,cápus,2.0,rus,1.0,hánkapuy,1.0,túy;kánkan,nón,1.0,tópe,1.0,níka'op,2.0,hana;'epúy,2.0,mun,1.0,turá,1.0,('ot)ta,1.0,('ot)ta,1.0,/cikanak,3.0,hápo,1.0,míci,2.0,'okú,1.0,mát,1.0,síppo,1.0,kónru,1.0,'upas,1.0,rupús,1.0,'ekáci,1.0,sírkunne,1.0,tuyé,1.0,sép,1.0,hútne,1.0,túyma,1.0,hánke,1.0,'irónne,1.0,kapár,1.0,tákne,1.0,páse,1.0,'enúkar,1.0,'e'én,1.0,'icákkere,1.0,wen,1.0,munín,1.0,téstek,2.0,'o'úpeka,2.0,pírka,1.0,hárki,1.0,símon,1.0,húsko,1.0,sirúsiru,1.0,'etáye,1.0,'opútuye,1.0,'eyápkir,1.0,kík:kíkkik,1.0,sóske,2.0,cíw,2.0,'o'úri,1.0,'ukópite,ninú;'ukáwka,1&2,hácir,1.0,pisé;sekúkke,1&3,yáykopepeker;yaykosanniyo,2&3,sinótcaki,1.0,húra nú,1.0,'atú,1.0,nún;nínnun,1&2,réra rúy,1.0,sitóma,1.0,núnpa,1.0,'aní,1.0,'erási,1.0,'eríkasi,1.0,ci,1.0,kopónci;paná,1&3,síknu,2.0,tús,1.0,pá,1.0
釧路,Kushiro,Ku'áni,1.0,'e'áni,1.0,ci'utari,(*tanpe),1.0,tu'anpe,1.0,nen,1.0,nep,1.0,'omo,1.0,'oputta,1.0,porónno,1.0,sinép,1.0,túp,1.0,poró,1.0,tánne,1.0,pón,1.0,menokó,1.0,'ókkay,1.0,'áynu,1.0,cép,1.0,cikáp,1.0,sitá,1.0,'úrki,1.0,ní,1.0,pi,1.0,hám,1.0,sínrit,1.0,nikap,1.0,káp,1.0,kám,1.0,kém,1.0,poné,1.0,kírpo,1.0,#,kiráw,1.0,sár,1.0,ráp,1.0,numá,1.0,paké,1.0,kisár,1.0,sík,1.0,'etú,1.0,car,1.0,'imák,1.0,parúnpe,1.0,'ám,1.0,cikir,2.0,kokka,1.0,tek,1.0,pise,2.0,rekut,1.0,pénram,1.0,sánpe,1.0,ra,1.0,kú,1.0,'ipé(自),1.0,'é(他),1.0,kupápa,1.0,nukár,1.0,nú,1.0,'erámu'an,1.0,mokór,1.0,ray,1.0,rónno,2.0,má,1.0,'oyúpu,3.0,'ápkas,1.0,'ek,1.0,hókke,1.0,'á,1.0,'ás,1.0,koré,1.0,(hawki),1.0,(sirpeker)cup,1.0,(kúnne)cúp(-kamuy),1.0,nocuy,1.0,wákka,1.0,ruwanpe 'as,3.0,sumá,1.0,'otá,1.0,tóy,1.0,'urar;niskur,1&3,supúya,1.0,'apé,1.0,'úna,1.0,'uhúy,1.0,rú,1.0,nupúri,1.0,húre,1.0,#,#,#,#,retár,1.0,kúnne,1.0,kúnne,1.0,sesek,1.0,mé'an,1.0,sik,1.0,'asír,1.0,pírka,1.0,sikánnatki,1.0,sít,1.0,ré,1.0,'eci'okay,1.0,tu'ankur,1.0,tu'anutar,1.0,nekona,1.0,nénpara,2.0,néyta,1.0,tanta,2.0,tu'anta,1.0,'oya,1.0,rép,1.0,'innep,1.0,'asíknep,1.0,pónno,1.0,niskotor,1.0,sírpeker,2.0,'úrar,1.0,réra,1.0,mom,1.0,'atúy,1.0,tó,1.0,pét,1.0,téyne,1.0,'uráye,1.0,tánnekamuy,5.0,kikír,1.0,setúr,1.0,cikír,1.0,tek,2.0,tékkup,2.0,cápus,2.0,rus,1.0,hánkapuy,1.0,'oske;tuy,nun,1.0,tópe,1.0,nika'op,#,'apappo,3.0,mun,1.0,turá,1.0,('ot)ta,1.0,('ot)ta,1.0,/ciki,3.0,hápo,1.0,míci,2.0,'okú,1.0,mát,1.0,síppo,1.0,kónru,1.0,'upas,1.0,rupús,1.0,'ekáci,1.0,kunne,1.0,tuyé,1.0,sép,1.0,hupne,1.0,túyma,1.0,hánke,1.0,'irónne,1.0,kapár,1.0,tákne,1.0,páse,1.0,'enúkar,1.0,'e'én,1.0,'icákkere,1.0,wen,1.0,munín,1.0,téstek,2.0,'owpeka,2.0,#,1.0,hárki,1.0,símon,1.0,húsko,1.0,sirúsiru,1.0,'etáye,1.0,'opútuye,1.0,'eyápkir,1.0,kik,1.0,sóske,2.0,cíw,2.0,'o'úri,1.0,'ukopitte,'ukawka,2.0,hácir,1.0,putke,#,yaynu,4.0,#,#,húra nú,1.0,'atú,1.0,num;ni,1&2,rera 'as,1.0,sitóma,1.0,núnpa,1.0,'aní,1.0,'erási,1.0,ritta,1.0,ci,1.0,toypana;'unapana,1.0,síknu,2.0,tús,1.0,pá,1.0
美幌,Bihoro,Ku'áni,1.0,'e'áni,1.0,ci'okay[excl.];'anutari[incl.],tanpe,1.0,tu'anpe,1.0,nen,1.0,nep,1.0,omone,1.0,'oputta,1.0,porónno,1.0,sinép,1.0,túp,1.0,poró,1.0,tánne,1.0,pón,1.0,menokó,1.0,'ókkay,1.0,'áynu,1.0,cép,1.0,cikáp,1.0,sitá,1.0,'úrki,1.0,ní,1.0,piye;'epuyke,1.0,hám,1.0,sínrit,1.0,nikap,1.0,rus,2.0,kám,1.0,kém,1.0,poné,1.0,kírpo,1.0,cikapnok,kiráw,1.0,sár,1.0,ráp,1.0,numá,1.0,paké,1.0,kisár,1.0,sík,1.0,'etú,1.0,car,1.0,'imák,1.0,parúnpe,1.0,ham,1.0,parawre;cikir,1&2,kokka,1.0,paratek,1.0,'on,1.0,rekut,1.0,rerar,2.0,sánpe,1.0,ra,1.0,kú,1.0,'ipé(自),1.0,'é(他),1.0,kupápa,1.0,nukár,1.0,nú,1.0,'erámu'an,1.0,mokór,1.0,ray,1.0,rayke,1.0,má,1.0,'oyúpu,3.0,'ápkas,1.0,'ek,1.0,hókke,1.0,'á,1.0,'ás,1.0,koré,1.0,ye,1.0,(sirpeket-)cup,1.0,(kúnne)cúp(-kamuy),1.0,rikop,2.0,wákka,1.0,ruwanpe 'as,3.0,sumá,1.0,'otá,1.0,tóy,1.0,nis,2.0,supúya,1.0,'apé,1.0,'úna,1.0,'eynu;'uyuy,2.0,rú,1.0,nupúri,1.0,húre,1.0,suynin,1.0,suynin;hure,1&3,retár,1.0,kúnne,1.0,kúnne,1.0,sissesek,1.0,mé'an,1.0,sik,1.0,'asír,1.0,pírka,1.0,sikannakki,1.0,sít,1.0,ré,1.0,'eci'okay,1.0,tu'ankur,1.0,tu'an 'utar,1.0,nekon(a),1.0,nénpara,2.0,néyta,1.0,temanta,3.0,tu'anta,1.0,'oya,1.0,rép,1.0,'inep,1.0,'asíknep,1.0,pónno,1.0,nis;nisor,1.0,sírpeker,2.0,hurar,1.0,réra,1.0,mom,1.0,'atúy,1.0,tó,1.0,pét,1.0,téyne,1.0,'uráye,1.0,tánnekamuy;kokkopipi,5&6,kikír,1.0,setúr,1.0,cikír,1.0,tapsut,1.0,tékkup,2.0,cápus,2.0,rus,1.0,hánkapuy,1.0,'oske;tuy,non,1.0,tópe,1.0,'epuyke,1.0,'epuyke;'apappo,3&4,mun,1.0,turá,1.0,('ot)ta,1.0,('ot)ta,1.0,/ciki,3.0,hápo,1.0,míci,2.0,'okú,1.0,mát,1.0,síppo,1.0,kónru,1.0,'upas,1.0,rupús,1.0,'ekáci,1.0,sirkunne,1.0,tuyé,1.0,sép,1.0,hutne,1.0,túyma,1.0,hánke,1.0,'irónne,1.0,kapár,1.0,'etakne,1.0,páse,1.0,'enúkar,1.0,'e'én,1.0,'icákkere,1.0,wen,1.0,munín,1.0,téstek,2.0,'o'upeka,2.0,pírka,1.0,hárki,1.0,simoysam,1.0,húsko,1.0,sirúsiru;siru,1.0,'etáye,1.0,'opútuye,1.0,'e'apkir,1.0,kik;kikkik,1.0,sóske,2.0,cuy,2.0,'o'úri,1.0,'e'ukopite,'ukawka,2.0,hácir,1.0,sekutke;pise,1&3,yaykosanniyo;yaykosiramsuye,1&2,sinotcaki,1.0,húra nú,1.0,'atú,1.0,ni;nunnum,1&2,rera 'as,1.0,sitóma,1.0,núnpa,1.0,'aní,1.0,rata,1.0,'erikasi,1.0,ci,1.0,pana,1.0,sitnu,2.0,tús,1.0,pá,1.0
旭川,Asahikawa,Ku'áni,1.0,'e'áni,1.0,ci'ókay[excl.];'anókay[incl.],tánpe,1.0,ta'ánpe,#,nen,1.0,nep,1.0,somóne,1.0,'opitta,1.0,porónno,1.0,sinép,1.0,túp,1.0,poró,1.0,tánne,1.0,pón,1.0,menokó;matáynu,1&2,'ókkayo,1.0,'áynu,1.0,cép,1.0,cikáp,1.0,setá,1.0,'úrki,1.0,ní,1.0,pí,1.0,hám,1.0,sínrit,1.0,níkap,1.0,káp,1.0,kám,1.0,kém,1.0,poné,1.0,kírpo,1.0,nók,kiráw,1.0,sár,1.0,ráp,1.0,numá,1.0,páke,1.0,kisár,1.0,sík,1.0,'etú,1.0,par,1.0,nimák,1.0,parúnpe,1.0,'ám,1.0,"pará'ure,cikir",1&2,kókka(sapa),1.0,ték,1.0,hón,1.0,rekút,1.0,pénram,1.0,sánpe,1.0,ra,1.0,kú,1.0,'ipé(自),1.0,'é(他),1.0,kupápa,1.0,nukár,1.0,nú,1.0,'erám'an,1.0,mokór,1.0,ray,1.0,ráyke,1.0,má,1.0,'opúni;'oyúpu,1&3,'ápkas,1.0,'ek,1.0,hótke,1.0,'á,1.0,'ás,1.0,koré,1.0,ye,1.0,(tókam)cup(-kamuy),1.0,(kúnne)cúp(-kamuy),1.0,nocíw,1.0,wákka,1.0,ruyánpe 'as,3.0,sumá,1.0,'otá,1.0,tóy,1.0,nís;nískur;'úrar,1&3,supúya,1.0,'apé,1.0,'úna,1.0,'uhúy,1.0,rú,1.0,nupúri,1.0,húre,1.0,síwnin,1.0,síwnin,1.0,retár,1.0,kúnne,1.0,kúnne,1.0,síssesek,1.0,mé'an,1.0,síkno,1.0,'asír,1.0,pírka,1.0,sikári,1.0,sít,1.0,ré,1.0,'esí'utar;'esokáy,1.0,ta'ánkur,#,ta'ánutar,#,nékon,1.0,hénpara,1.0,néyta,1.0,téta,1.0,ta'ánta,#,'oyá;mósma,1&2,rép,1.0,'ínep,1.0,'asíknep,1.0,pónno,1.0,nís;nísor;nískotor,1.0,tókam,1.0,'úrar,1.0,réra,1.0,mom,1.0,'atúy,1.0,tó,1.0,pét,1.0,téyne,1.0,'uráye,1.0,#,#,kikír,1.0,setúr,1.0,cikír,1.0,ték,2.0,tékkup,2.0,capús,2.0,rus,1.0,hánkopi,1.0,'óske;túy,non,1.0,tópe,1.0,níka'op,2.0,'epúy;'epúyke,4.0,mun,1.0,turá,1.0,('ot)ta,1.0,('ot)ta,1.0,/ciki;yak,2&3,tótto,2.0,hánpe,4.0,'okú,1.0,mát,1.0,síppo,1.0,kónru,1.0,'upas,1.0,rupús,1.0,'ekáttar,1.0,sírkunne,1.0,tuyé,1.0,sép,1.0,húpne,1.0,túyma,1.0,hánke,1.0,'irónne,1.0,kapár,1.0,tákne,1.0,páse,1.0,'enúkar,1.0,'e'én,1.0,'icákkere,1.0,wen,1.0,munín,1.0,rárak,1.0,'ittusne,1.0,pírka,1.0,(-harki-),1.0,símon,1.0,húsko,1.0,sirúsiru,1.0,'etáye,1.0,'opútuye,1.0,'osúra,2.0,kík;kíkkik,1.0,sóske,2.0,'ótke,1.0,'o'úri,1.0,'e'úkote,'ukáwka,2.0,hácir,1.0,pisé,3.0,yáykopeker;yáynu,3&4,sinótcaki,1.0,húra nú,1.0,'atú,1.0,núnnun,1.0,réra 'ás,1.0,sitóma,1.0,núnpa,1.0,'aní,1.0,'erás,1.0,'eríkas,1.0,'ónne,2.0,paná,1.0,síknu,2.0,tús,1.0,pá,1.0
名寄,Nayoro,Ku'áni,1.0,'e'áni,1.0,ku'útari;ci'ókay[excl.];'anókay[incl.],tánpe,1.0,to'ánpe,1.0,nen,1.0,nep,1.0,somóne,1.0,'opitta,1.0,porónno,1.0,sinép,1.0,túp,1.0,poró,1.0,tánne,1.0,pón,1.0,menokó;mát,1&2,'ókkayo,1.0,'áynu,1.0,cép,1.0,cikáp,1.0,setá,1.0,'úrki,1.0,ní,1.0,pí,1.0,hám,1.0,sínrit,1.0,yár;níyar,2.0,káp,1.0,kám,1.0,kém,1.0,poné,1.0,kírpo,1.0,nók,kiráw,1.0,sár,1.0,ráp,1.0,numá,1.0,páke,1.0,kisár,1.0,sík,1.0,'etú,1.0,car,1.0,nimák,1.0,'áw;parúnpe,1&2,'ám,1.0,'uré;paráwre,1.0,kókka,1.0,ték,1.0,hón,1.0,rekút,1.0,rerár,2.0,sánpe,1.0,ra,1.0,kú,1.0,'ipé(自),1.0,'é(他),1.0,kupápa,1.0,nukár,1.0,nú,1.0,'erám'an,1.0,mokór,1.0,ray,1.0,ráyke,1.0,má,1.0,'opúni,1.0,'ápkas,1.0,'ek,1.0,hótke,1.0,'á,1.0,'ás,1.0,koré,1.0,ye,1.0,(tókam)cup(-kamuy),1.0,(kúnne)cúp(-kamuy),1.0,nocíw,1.0,wákka,1.0,ruyánpe 'as,3.0,sumá,1.0,'otá,1.0,tóy,1.0,nís;nískur,1.0,pá,2.0,'apé,1.0,'úna,1.0,'uhúy,1.0,rú,1.0,nupúri,1.0,húre,1.0,síwnin,1.0,#,#,retár,1.0,kúnne,1.0,kúnne,1.0,síssesek,1.0,mé'an,1.0,síkno,1.0,'asír,1.0,pírka,1.0,sikári,1.0,sít,1.0,ré,1.0,'e'áni 'utár,2.0,to'ánkur,1.0,toká  'utár;to'án 'áynu 'utár,1.0,nékon,1.0,hénpara,1.0,néyta,1.0,téta;tánta,1&2,to'ánta,1.0,'oyá;mósma,1&2,rép,1.0,'ínep,1.0,'asíknep,1.0,pónno,1.0,nísor;nískotor,1.0,tókam;sírpeker,1&2,'úrar,1.0,réra,1.0,mom,1.0,'atúy,1.0,tó,1.0,pét,1.0,téyne,1.0,'uráye,1.0,kinásutun kamúy,2.0,kikír,1.0,setúr,1.0,kemá,2.0,ték,2.0,tékkup,2.0,pápus;cápus;pátoy,2&3,rus,1.0,hánku,1.0,'óske;túy,non,1.0,tópe,1.0,níyepuy,1.0,'epúy,4.0,mun,1.0,turá,1.0,('ot)ta,1.0,('ot)ta,1.0,'iká/ciki,3.0,tótto,2.0,hánpe,4.0,'okú,1.0,mát,1.0,síppo,1.0,rúp;kónru,1&2,'upas,1.0,rupús,1.0,'ekáttar,1.0,sírkunne,1.0,tuyé,1.0,sép,1.0,húpne,1.0,túyma,1.0,hánke,1.0,'irónne,1.0,kapár,1.0,tákne,1.0,páse,1.0,'enúkar,1.0,'e'én,1.0,'icákkere,1.0,wen,1.0,munín,1.0,téstek,2.0,'o'úpeka,2.0,pírka,1.0,hárki,1.0,'osímon,1.0,húsko,1.0,sirúsiru,1.0,'etáye;'ehékem,1&2,'opítuye,1.0,'osúra;'e'ák,2&3,kik;kíkkik,1.0,sóske,2.0,'ótke;cíw,1&2,'o'úri,1.0,'e'úkote,'ukáwka;ninú,1&2,hácir,1.0,piséne,3.0,'eyáyko'uwepeker,3.0,sinótcaki,1.0,húra nú,1.0,'atú,1.0,nun,1.0,réra rúy,1.0,sitóma,1.0,núnpa,1.0,'aní,1.0,'erás,1.0,'eríkas,1.0,'cí,1.0,paná;kopónci,1&3,síknu,2.0,tús,1.0,pá,1.0
宗谷,Sôya,cókay,2.0,'e'áni,1.0,cókay 'utári;'anókay 'utári,tánpe,1.0,#,#,nen,1.0,hemáta;nép,1&2,somóne,1.0,'opitta,1.0,porónno,1.0,sinép,1.0,túp,1.0,poró,1.0,'otánne,1.0,pón,1.0,menéko,1.0,'ókkayo,1.0,'áynu,1.0,cép,1.0,cikáp,1.0,setá,1.0,'úrki,1.0,ní;cikúni,1.0,pí,1.0,hám,1.0,sinrit;cínkew,1&2,káp;níkap,1.0,káp,1.0,kám,1.0,kém,1.0,poné,1.0,kírpo,1.0,cikápnok,kiráw,1.0,sár,1.0,ráp,1.0,kenúma,1.0,paké,1.0,kisár,1.0,sík,1.0,'etú,1.0,car,1.0,'imák,1.0,'áw,2.0,'ám,1.0,paráwre,1.0,kókkasapa,1.0,paraték,1.0,hón,1.0,rekút,1.0,rerár,2.0,sánpe,1.0,ra,1.0,kú,1.0,'ipé(自),1.0,'é(他),1.0,kupápa,1.0,nukár,1.0,nú,1.0,'eráman,1.0,mokór,1.0,ray,1.0,ráyke,1.0,wá,2.0,hopúni,1.0,'ápkas,1.0,'ek,1.0,hótke,1.0,'á,1.0,'etátas,2.0,koré,1.0,ye,1.0,sírpeker cúpkamuy,1.0,kúnne cúpkamuy,1.0,keta,3.0,wákka,1.0,ruyánpe 'as,3.0,sumá,1.0,'otá,1.0,tóy,1.0,'úrar;nískur,1&3,pá;sipúya,1&2,'apé;'únci,1&2,'úna,1.0,'uhúy,1.0,rú,1.0,nupúri,1.0,húre,1.0,síwnin,1.0,síwnin,1.0,retár,1.0,kúnne,1.0,kúnne,1.0,sések,1.0,mé'an,1.0,sík,1.0,'asír,1.0,pírka,1.0,sikári,1.0,sáttek,1.0,ré,1.0,'e'áni 'utári,2.0,#,#,#,#,nékon(a),1.0,nénpara,2.0,néyta,1.0,téta,1.0,to'ánta,1.0,'oyá,1.0,rép,1.0,'ínep,1.0,'asíknep,1.0,pónno,1.0,nískotor,1.0,tóno,1.0,'úrar,1.0,réra,1.0,mom,1.0,'atúy,1.0,tó,1.0,pét,1.0,téyne,1.0,huráye,1.0,húnkokko,7.0,kikír,1.0,setúr,1.0,kemákuciki,2.0,ték,2.0,ráp,1.0,cápus,2.0,rus,1.0,hankapuy,1.0,túy;tuykonpy,non,1.0,tópe,1.0,níyepuy,1.0,hapáppo,3.0,mun,1.0,turá,1.0,('ot)ta,1.0,('ot)ta,1.0,/ciki,3.0,hápo,1.0,'acá,1.0,hokú,1.0,mát,1.0,síppo,1.0,rúp,2.0,'opás,1.0,rupús,1.0,hekáci,1.0,sírkunne,1.0,tuyé,1.0,'osép,1.0,'ohótne,1.0,túyma,1.0,hánke,1.0,'irónne,1.0,kapár,1.0,'otákne,1.0,páse,1.0,'enúkar,1.0,'e'énke,1.0,'icákkere,1.0,wen,1.0,munín,1.0,rárak,1.0,(réwke somóki),#,pírka,1.0,hárki,1.0,símon,1.0,húsko,1.0,sirúsiru,1.0,'ehékem,2.0,'opítuye;'e'áciw,1&2,'osúra;'eyák,2&3,sitáyke,2.0,sóske,2.0,cíw,2.0,'ohóri,1.0,'uwé'usi,'ukáwka,2.0,hácir,1.0,sekútke;pisé,1&3,yáykopepeker,3.0,sinótcaki,1.0,huránu,1.0,'atú,1.0,ni;nunnun,1&2,réra yúpke,1.0,'oháynek,2.0,núnpa,1.0,'aní,1.0,ráta,1.0,ríkta,1.0,'cí,1.0,pásna,4.0,síkno,2.0,tús,1.0,pá,1.0
落帆,Ochiho,'anokay,3.0,'e'áni,1.0,'anokay 'utara,(*tanpe),1.0,#,#,naata,3.0,hemata,2.0,haɴne,2.0,'emuyke,2.0,poroono,1.0,sineh,1.0,tuh,1.0,poró,1.0,'otaane,1.0,haciko,2.0,mahnekuh,2.0,'ohakyo,1.0,'áynu,1.0,ceh,1.0,cikah,1.0,setá,1.0,rasi;'uriki,1&2,nii,1.0,pii,1.0,yaɴ(-m),2.0,ciɴkew,2.0,niikah,1.0,kah,1.0,kaɴ(-m),1.0,kém,1.0,poni,1.0,kiripu,1.0,tamako,kiráw,1.0,'ohcara,1.0,rah,1.0,numa,1.0,sapa,1.0,kisara,1.0,sis,1.0,'etupuy,1.0,cara,1.0,'imah,1.0,'áw,2.0,'aɴ(-m),1.0,para'uri,1.0,kuysapa,2.0,t eh,1.0,hón,1.0,rekuh,1.0,raɴ(-m),1.0,sánpe,1.0,huy,2.0,kuu,1.0,'ipé(自),1.0,(*'é),1.0,kupápa,1.0,nukara,1.0,nuu,1.0,waɴte,2.0,mokoro,1.0,ray,1.0,ráyke,1.0,maa,1.0,paarase,4.0,'ahkas,1.0,'eh,1.0,situri,2.0,'aa,1.0,'etátas,2.0,koɴte,1.0,yee,1.0,toonocuh,1.0,kuɴnecuh,1.0,keta,3.0,wahka,1.0,'ahto raɴ,2.0,sumá,1.0,'otá,1.0,tóy,1.0,niskuru,1.0,paa,2.0,'uɴci,2.0,'uuna,1.0,hukuy,3.0,ruu,1.0,nupúri,1.0,huure,1.0,#,#,siwniɴ,1.0,tetara,1.0,kuɴne,1.0,kuɴne,1.0,seeseh,1.0,meerayke,1.0,sisteno,1.0,'asiri,1.0,pirika,1.0,sikaarinpa,1.0,sahteh,1.0,ree,1.0,e'ani 'utara,2.0,tara 'aynu,2.0,tara 'aynu 'utara,2.0,temana,3.0,heɴpara,1.0,nahta,3.0,teeta,1.0,taraata,2.0,'oyá,1.0,reh,1.0,'ineh,1.0,'asisneh,1.0,pónno,1.0,niskuru,1.0,toonoske,1.0,'uurara,1.0,reera,1.0,moɴ,1.0,'atúy,1.0,too,1.0,nay,2.0,pehne,2.0,huráye,1.0,'oyaw,8.0,kikiri,1.0,seturu,1.0,kema,2.0,tahsuh,1.0,rah,1.0,caapus,2.0,rus,1.0,haɴkapuy,1.0,ramoro,noɴ,1.0,toope,1.0,tureh,4.0,'epuy,4.0,kina,1.0,'issini,1.0,ta,1.0,'ohta,1.0,/ciki,3.0,'unu,#,'ona,#,hoko,1.0,mah,1.0,sispo,1.0,ruh,2.0,'opás,1.0,rupús,1.0,poo,1.0,'ekuroh,1.0,tuyé,1.0,'oseh,1.0,'ohohne,1.0,túyma,1.0,hánke,1.0,'iroone,1.0,kapara,1.0,'otahkoɴ,1.0,paase,1.0,'enukara,1.0,'e'énke,1.0,'icakere,1.0,wen,1.0,munín,1.0,raarah,1.0,ku'aɴno;'ukuruhne,3&4,pirika,1.0,hariki,1.0,siimoɴ,1.0,húsko,1.0,sirúsiru,1.0,'ehekeɴ,2.0,'okacituypa,1.0,'ociipa,4.0,sitáyke,2.0,naske,3.0,cíw,2.0,poye,2.0,tasko,'ukáwka,2.0,haaciri,1.0,sekuhke,1.0,'ipaakari,5.0,yuukara,2.0,huuraha rah,4.0,sekoose,3.0,seru,3.0,reera 'aɴ,1.0,'ohayne,2.0,núnpa,1.0,'aɴpa,1.0,rawta,1.0,herikoh,1.0,cii,1.0,koomuɴ,5.0,sisnu,2.0,kayta,2.0,paa,1.0
多蘭泊,Tarantomari,'anoka(y),3.0,'e'áni,1.0,'anoka(y) 'uta(ri),tanpe,1.0,taranpe,2.0,"naata,nahata",3.0,hemata,2.0,somo,1.0,'anpahno;'imiki,2&3,'okayno;renkayne;poronno,1&2&3,sinep,1.0,tup,1.0,poró,1.0,'otanne,1.0,haciko,2.0,maynepo,2.0,'okkaw,1.0,'áynu,1.0,cep,1.0,cikap,1.0,setá,1.0,'uriki,1.0,nii,1.0,pii,1.0,yam,2.0,cinkew;niisinrit,1&2,niikap,1.0,rus;kap,1&2,kam,1.0,kém,1.0,poni,1.0,kiripo,1.0,tamanko;'aarep,kiráw,1.0,'otcara,1.0,rap,1.0,numa,1.0,sapa,1.0,kisaru,1.0,sik,1.0,'etupuy,1.0,caru,1.0,'imak,1.0,'áw,2.0,'am,1.0,paruure;kema,1&3,kuysapa,2.0,tek,1.0,hón,1.0,rekut,1.0,ram;reraru,1&2,sánpe,1.0,'uraka,4.0,kuu,1.0,'ipé(自),1.0,(*'é),1.0,kupápa,1.0,nukara,1.0,nuu,1.0,wante,2.0,mokoro,1.0,ray,1.0,ráyke,1.0,maa,1.0,tusse,5.0,'akkas,1.0,'ek,1.0,situri,2.0,'aa,1.0,'etátas,2.0,konte,1.0,yee,1.0,toono tonpi,2.0,(kunne)tonpi,2.0,keta,3.0,wakka,1.0,'atto ran,2.0,sumá,1.0,'otá,1.0,tóy,1.0,'uurara,3.0,paa,2.0,'unci,2.0,'uuna,1.0,hukuy,3.0,ruu,1.0,nupúri,1.0,huure,1.0,siwnin,1.0,siwnin,1.0,tetara,1.0,kunne,1.0,kunne,1.0,seesek,1.0,meerayke,1.0,sitteno,1.0,'asiri,1.0,pirika,1.0,sikaarinpa,1.0,riwa,2.0,ree,1.0,'ecooka(y) 'uta(ri),1.0,tara 'aynu,2.0,tara;taroka 'aynu,2.0,temana,3.0,henpara,1.0,nahta,3.0,teeta,1.0,'ukita,2.0,'oyá,1.0,rep,1.0,'iinep,1.0,'asnep,1.0,pónno,1.0,nisoro,1.0,toono,1.0,'uurara,1.0,reera,1.0,mom,1.0,'atúy,1.0,too,1.0,nay,2.0,toyre,3.0,huráye,1.0,'oyaw,8.0,kikiri,1.0,seturi,1.0,kema,2.0,tek,2.0,te(k)kup,2.0,caapus,2.0,rus,1.0,hankapuy,1.0,tuworop;ramoro,non,1.0,toope,1.0,turep,4.0,'ekipuy,4.0,mun,1.0,tura,1.0,('ot)ta,1.0,'otta,1.0,/ciki,3.0,nanna,3.0,'aapa,5.0,hoku,1.0,mat,1.0,sippo,1.0,rup,2.0,'opás,1.0,rupkoro;rupus,1.0,hekaci,1.0,sirukunne,1.0,tuwe,1.0,'osep,1.0,'ohne,1.0,túyma,1.0,hánke,1.0,'ironne,1.0,kapara,1.0,takkon,1.0,paase,1.0,'enke koyakus,2.0,'enke,1.0,'icakere,1.0,wen,1.0,munín,1.0,raarak,1.0,ku'anno,3.0,pirika,1.0,hariki,1.0,siimon,1.0,húsko,1.0,sirúsiru,1.0,'ehekem,2.0,'e'aciw,2.0,'ociipa,4.0,sitáyke,2.0,naske,3.0,cíw,2.0,poye,2.0,sina,'ukáwka,2.0,haaciri,1.0,sekukke,1.0,'ipaakari,5.0,yuukara,2.0,hurahu rak,4.0,'atú,1.0,nunnun;sikonun,1.0,reera 'as,1.0,'ohayne;'eyaytupare,2&3,núnpa,1.0,'anpa,1.0,rawta;hera'o(k),1.0,ritta;heriko,1.0,cii,1.0,paspas,4.0,siknu,2.0,tus,1.0,paa,1.0
真岡,Maoka,'anokay;co'okay,2&3,'e'áni,1.0,'anokay 'utara,tanpe,1.0,taranpe,2.0,naata,3.0,hemata,2.0,hanne,2.0,'imiki,2.0,poronno:renkayne,1&2,sineh,1.0,tuh,1.0,poró,1.0,'otanne,1.0,haciko,2.0,mahtekuh,2.0,'ohkayo,1.0,'áynu,1.0,ceh,1.0,cikah,1.0,setá,1.0,'uriki;rasi,1&2,nii,1.0,pii,1.0,yam,2.0,cinkew;nii'oosikehe,2&3,niikah,1.0,rus;kah,1&2,kam,1.0,kém,1.0,poni,1.0,kiripo,1.0,tamanko,kiráw,1.0,'ohcara,1.0,rah,1.0,numa,1.0,sapa,1.0,kisara,1.0,sik,1.0,'etupuy,1.0,cara,1.0,'imah,1.0,'áw,2.0,'am,1.0,parure,1.0,kuysapa,2.0,t eh,1.0,hón,1.0,rekuh,1.0,ram,1.0,sánpe,1.0,'uraka,4.0,kuu,1.0,'ipé(自),1.0,'eé(他),1.0,kupápa,1.0,nukara,1.0,nuu,1.0,wante,2.0,mokoro,1.0,ray,1.0,ráyke,1.0,sus,3.0,paarasse,4.0,'ahkas,1.0,'eh,1.0,situri,2.0,'aa,1.0,'etátas,2.0,konte,1.0,yee,1.0,(toono)cuh,1.0,kunne cuh,1.0,keta,3.0,wahka,1.0,'ahto ran,2.0,sumá,1.0,'otá,1.0,tóy,1.0,'uurara,3.0,paa,2.0,'unci,2.0,'uuna,1.0,hukuy,3.0,ruu,1.0,nupúri,1.0,huure,1.0,siwnin,1.0,siwnin,1.0,tetara,1.0,kunne,1.0,kunne,1.0,seeseh,1.0,meerayke,1.0,sitteno,1.0,'asiri,1.0,pirika,1.0,sikaarinpa,1.0,riwa;sahteh,1&2,ree,1.0,'ecookay 'utara;'e'ani 'utara,1&2,tara 'aynu,2.0,tara 'aynu 'utara,2.0,temana,3.0,henpara,1.0,nahta,3.0,teeta,1.0,tarata,2.0,'oyá,1.0,reh,1.0,'ineh,1.0,'asineh,1.0,pónno,1.0,nisoro,1.0,toono,1.0,'uurara,1.0,reera,1.0,moɴ,1.0,'atúy,1.0,too,1.0,nay,2.0,toyre,3.0,huráye,1.0,'oyaw,8.0,kikiri,1.0,seturu,1.0,kema,2.0,t eh,2.0,tehkuh,2.0,caapus,2.0,rus,1.0,hankapuy,1.0,tuyoroh;ramoro,non,1.0,toope,1.0,tureh,4.0,'epuy,4.0,mun,1.0,tura,1.0,'ohta,1.0,'ohta,1.0,/'anah,4.0,nanna,3.0,'aapa,5.0,hoku,1.0,mah,1.0,sispo,1.0,ruh,2.0,'opás,1.0,rupus,1.0,hekaci,1.0,sirkunne,1.0,tuye,1.0,'oseh,1.0,'ohohne,1.0,túyma,1.0,hánke,1.0,'ironne,1.0,kapara,1.0,'otahkon,1.0,paase,1.0,'ituye koyaykus,3.0,'e'enke,1.0,'icahkere,1.0,wen,1.0,munín,1.0,raarah,1.0,ku'anno;'istusne,1&3,pirika,1.0,hariki,1.0,siwmon,1.0,húsko,1.0,sirúsiru,1.0,'ehekem,2.0,'e'aciw,2.0,'ociipa,4.0,sitáyke,2.0,soske,2.0,cíw,2.0,poye,2.0,sina,'ukáwka,2.0,haaciri,1.0,sekuhke,1.0,'ipaakari,5.0,yuukara,2.0,huraha rah,4.0,'atú,1.0,nunnum:nii,1&2,reera 'an,1.0,'ohayne;'eyaytupare,2&3,núnpa,1.0,'anpa,1.0,rawta;ra'une,1.0,herikoh,1.0,cii,1.0,koomun,5.0,sisnu,2.0,tus,1.0,paa,1.0
白浦,Shiraura,ku'ani;co'okay,1&2,'e'áni,1.0,'anokay,tanpe,1.0,taraha,2.0,naata,3.0,hemata,2.0,hanneh,2.0,'emuyke,2.0,poroono,1.0,sineh,1.0,tuh,1.0,poró,1.0,'otaane,1.0,haciko,2.0,mahneku,2.0,'ohkayo,1.0,'áynu,1.0,ceh,1.0,cikah,1.0,setá,1.0,rasi,2.0,nii,1.0,pii,1.0,yam,2.0,niicinkew,2.0,niikah,1.0,rus,2.0,kam,1.0,kém,1.0,poni,1.0,kirupu,1.0,noyohko,kiráw,1.0,'ohcara,1.0,rah,1.0,numa,1.0,sapa,1.0,kisara,1.0,sis,1.0,'etupuy,1.0,cara,1.0,'imah,1.0,'áw,2.0,'am,1.0,kema,3.0,kuysapa,2.0,parakita,2.0,hón,1.0,rekuh,1.0,ram,1.0,sánpe,1.0,'uraka,4.0,kuu,1.0,'ipé(自),1.0,'eé(他),1.0,kupápa,1.0,nukara,1.0,nuu,1.0,wante,2.0,mokoro,1.0,ray,1.0,rayki,1.0,maa,1.0,paarahse,4.0,'ahkas,1.0,'eh,1.0,situri,2.0,'aa,1.0,'etátas,2.0,konte,1.0,yee,1.0,toonocuh,1.0,cuh,1.0,keta,3.0,wahka,1.0,'ahto ran,2.0,sumá,1.0,'otá,1.0,tóy,1.0,niskuru,1.0,paa,2.0,'unci,2.0,'uuna,1.0,hukuy,3.0,ruu,1.0,nupúri,1.0,huure,1.0,siwnin,1.0,siwnin,1.0,tetara,1.0,kurasno,1.0,kunne,1.0,seeseh,1.0,meerayki,1.0,esisteh,1.0,'asiri,1.0,pirika,1.0,'osikaari,1.0,sahteh,1.0,ree,1.0,'eci'okay,1.0,tara 'aynu,2.0,tara 'aynu 'utara,2.0,temana,3.0,henpara kanne,1.0,nahta,3.0,teeta,1.0,taraata,2.0,'oyá,1.0,reh,1.0,'ineh,1.0,'asisneh,1.0,ponnoponno,1.0,niskuru,1.0,toono,1.0,'uurara,1.0,reera,1.0,mom,1.0,'atúy,1.0,too,1.0,nay,2.0,toyre,3.0,huráye,1.0,'oyaw,8.0,kikiri,1.0,seturu,1.0,kema,2.0,t eh,2.0,rah,1.0,caapus,2.0,rus,1.0,hankapuy,1.0,cuporoh;tuyoroh,non,1.0,toope,1.0,tureh,4.0,'ekipuy,4.0,mun,1.0,tura,1.0,'ohta,1.0,'ohta,1.0,niisahno/'anah,4.0,nanna,3.0,'aapa,5.0,hoko,1.0,mah,1.0,sispo,1.0,ruh,2.0,'opás,1.0,rupus,1.0,hekaci,1.0,sirikuroh,1.0,tuye,1.0,'oseh,1.0,'ohuhne,1.0,túyma,1.0,'ehanke,1.0,'ironne,1.0,kapara,1.0,'otahkon,1.0,paase,1.0,'enukarah,1.0,'enke,1.0,'icahkire,1.0,wen,1.0,muninus,1.0,raarah,1.0,'ikuruhne,4.0,pirika,1.0,hariki,1.0,siimon,1.0,húsko,1.0,sirúsiru,1.0,'ehekem,2.0,'okacituypa,1.0,e'ah,3.0,koyki,3.0,soske,2.0,cíw,2.0,poye,2.0,muye,'ukáwka,2.0,haaciri,1.0,sekuhke,1.0,'ipaakari,5.0,yuukara,2.0,huruhu rah,4.0,'atú,1.0,sikonun,1.0,reera 'as,1.0,'ohayhayne,2.0,núnpa,1.0,'anpa,1.0,hera'oh,1.0,herikoh,1.0,cii,1.0,sirima,2.0,sisnu,2.0,kayta,2.0,paa,1.0
ライチシカ,Raichishka,ku'ani;anoka,1&3,'e'áni,1.0,'anokayahcin; co'okayahcin;ku'aniscin,"tah,tanpe",1.0,taranpe,2.0,naata,3.0,hemata,2.0,hanneh,2.0,'okore;'emuyke,2&4,'okayno;renkayne;poronno,1&2&3,sineh,1.0,tuh,1.0,poró,1.0,'otanne,1.0,haciko,2.0,mahtekuh,2.0,'ohkayo,1.0,'áynu,1.0,ceh,1.0,cikah,1.0,setá,1.0,rasi,2.0,nii,1.0,pii,1.0,yam,2.0,cinkew(large);sinris(small),1&2,niikah,1.0,kah,1.0,kam,1.0,kém,1.0,poni,1.0,kirupu,1.0,noyohko,kiráw,1.0,'ohcara,1.0,rah,1.0,numa,1.0,sapa,1.0,kisaru,1.0,sis,1.0,'etu,1.0,caru,1.0,'imah,1.0,'áw,2.0,'am,1.0,kema;('urekucis)para'ure,1&3,kuysapa,2.0,parakita,2.0,hón,1.0,rekuh,1.0,reraru,2.0,sánpe,1.0,'uraka,4.0,kuu,1.0,'ipé(自),1.0,'eé(他),1.0,kupápa,1.0,nukara,1.0,nuu,1.0,wante,2.0,mokoro,1.0,ray,1.0,rayki,1.0,maa,1.0,paarahse,4.0,'ahkas,1.0,'eh,1.0,situri,2.0,'aa,1.0,'etátas,2.0,konte,1.0,yee,1.0,toonocuh,1.0,cuh,1.0,keta,3.0,wahka,1.0,'ahto ran,2.0,sumá,1.0,'otá,1.0,tóy,1.0,niskuru,1.0,paa,2.0,'unci,2.0,'uuna,1.0,hukuy,3.0,ruu,1.0,nupuru,1.0,huure,1.0,siwnin,1.0,siwnin,1.0,tetara,1.0,kurasno,1.0,'ukuran;kunne,1.0,seeseh,1.0,meerayki,1.0,esisteh,1.0,'asiri,1.0,pirika,1.0,sikaarinpa,1.0,sahteh,1.0,ree,1.0,'eci'okayahcin,1.0,ta'an a'ynu;tara 'aynu,2&3,ta'anoka 'aynu'utah;taranoka 'aynu'utah,2&3,temana,3.0,henpara,1.0,nahta,3.0,teeta,1.0,ta'anteeta;taranteeta,2&3,'oyá,1.0,reh,1.0,'ineh,1.0,'asneh,1.0,ponnoponno,1.0,niskuru,1.0,toono,1.0,'uurara,1.0,reera,1.0,mom,1.0,'atúy,1.0,too,1.0,nay,2.0,toyre,3.0,huráye,1.0,'oyaw,8.0,kikiri,1.0,menay,2.0,kema,2.0,t eh,2.0,tehkuh,2.0,caapus,2.0,rus,1.0,hanku,1.0,tuyoroh;cuporoh,non,1.0,toope,1.0,tureh,4.0,'epuy,4.0,mun,1.0,tura,1.0,'ohta,1.0,'ohta,1.0,niisahno/'anah,4.0,'onmo,4.0,'aaca,1.0,hoku,1.0,mah,1.0,sispo,1.0,ruh,2.0,'opás,1.0,rupus,1.0,hekaci,1.0,sirikunne,1.0,tuye,1.0,'oseh,1.0,'ohuhne,1.0,túyma,1.0,'ehanke,1.0,'ironne,1.0,kapara,1.0,'otahkon,1.0,paase,1.0,'ituye koyaykus,3.0,'enkenoo,1.0,ci'ecaake,1.0,wen,1.0,munin,1.0,raarah,1.0,'e'iku'anno,3.0,pirika,1.0,hariki,1.0,siimon,1.0,húsko,1.0,sirúsiru,1.0,'ehekem,2.0,'okasura,3.0,'ociwe,4.0,koyki,3.0,naske,3.0,'eciwkara,2.0,poye,2.0,muye,'ukáwka,2.0,haaciri,1.0,sekuhke,1.0,'ipaakari,5.0,yuukara,2.0,huraha rah,4.0,'atú,1.0,sikonun;nunnun;nii,1&2,reera 'as,1.0,'e'ohayohayneh,2.0,núnpa,1.0,'anpa,1.0,hera'oh,1.0,herikoh,1.0,cii,1.0,sirima,2.0,sisnu,2.0,kayta,2.0,paa,1.0
内路,Nairo,'anokay;cookay;ku'ani,1&2&3,'e'áni,1.0,'anokay 'utara,ta'anpe,1.0,tarah,2.0,naata,3.0,hemata,2.0,hanne,2.0,'emuyke,2.0,'okayno;poronno,1&3,sinep,1.0,tup,1.0,poró,1.0,'otaane,1.0,hacisko,2.0,mahnekuh,2.0,'ohkayo,1.0,'áynu,1.0,cep,1.0,cikap,1.0,setá,1.0,tasi,2.0,nii,1.0,pii,1.0,yam,2.0,cinkew,2.0,niikap,1.0,tus;kap,1&2,kam,1.0,kém,1.0,poni,1.0,kiripu,1.0,noyokko,kiráw,1.0,'otcara,1.0,tap,1.0,numa,1.0,sapa,1.0,kisara,1.0,sik,1.0,'etupuy,1.0,caru,1.0,'imak,1.0,'áw,2.0,'am,1.0,kema;para'uri,1&3,kumsisapa,3.0,tek,1.0,hón,1.0,tekut,1.0,ranka,1.0,sánpe,1.0,teput,5.0,kuu,1.0,'ipé(自),1.0,'eé(他),1.0,kupápa,1.0,nukara,1.0,nuu,1.0,wante,2.0,mokoro,1.0,tay,1.0,tayki,1.0,maa,1.0,paarase,4.0,'akkas,1.0,'ek,1.0,situri,2.0,'aa,1.0,'etátas,2.0,konte,1.0,yee,1.0,(toono)cup,1.0,(kunne)cup,1.0,noociw,1.0,wakka,1.0,'atto ran,2.0,sumá,1.0,'otá,1.0,tóy,1.0,niskuru,1.0,paa,2.0,'unci,2.0,'uuna,1.0,hukuy,3.0,tuu,1.0,nupuru,1.0,huure,1.0,siwnin,1.0,siwnin,1.0,tetara,1.0,kurasno,1.0,kunne,1.0,seesek,1.0,sinnam'an,2.0,'esikkane,1.0,'asiri,1.0,pirika,1.0,'osikarinpa,1.0,sattek,1.0,tee,1.0,'eco'okay ('utara),1.0,tara 'aynu,2.0,tara 'aynu('utara),2.0,temana,3.0,henpara kaane,1.0,nahta,3.0,teyta,1.0,tarata,2.0,'oyá,1.0,teppis,1.0,'iinep,1.0,'asisnep,1.0,po'onno,1.0,nisoro,1.0,toono,1.0,'uurara,1.0,teera,1.0,mom,1.0,'atúy,1.0,too,1.0,nay,2.0,toyre,3.0,huráye,1.0,'oyaw,8.0,kikiri,1.0,seturu,1.0,kema,2.0,tek,2.0,tekkup,2.0,caapus,2.0,tus,1.0,hankapuy,1.0,ramoro,non,1.0,toope,1.0,turep,4.0,munepuy,4.0,mun,1.0,tura,1.0,'otta,1.0,'otta,1.0,nissan/'ana,4.0,nanna,3.0,'apaa,5.0,hoko,1.0,mat,1.0,sippo,1.0,tup,2.0,'opás,1.0,tupus,1.0,hekaci,1.0,'ekuruh,1.0,tuye,1.0,'osep,1.0,'ohupne,1.0,('e)tuyma,1.0,'ehanke,1.0,'ironne,1.0,kapara,1.0,'otakkon,1.0,paase,1.0,'enukara,1.0,'e'enke,1.0,'icakkere,1.0,wen,1.0,munin,1.0,taarak,1.0,'o'ihtusno,1.0,pirika,1.0,hariki,1.0,sinmun,1.0,húsko,1.0,(ko)sirusiru,1.0,'ehekem,2.0,'okaapituye,1.0,'ocipa,4.0,sitayki,2.0,naske,3.0,ciw,2.0,poye,2.0,kotasko,'ukáwka,2.0,haaciri,1.0,sekuhke,1.0,'ipaakari,5.0,yuukara,2.0,huraha rak,4.0,'atú,1.0,nunnun;kuu,1.0,teera 'as,1.0,'e'ohayne,2.0,núnpa,1.0,'anpa,1.0,hera'oh,1.0,herikoh,1.0,cii,1.0,koomun,5.0,sisnu,2.0,serus kaa,3.0,paa,1.0
